City_ID,City,Country,Lat,Lng,Max Temp,Humidity,Cloudiness,Wind Speed,Current Description
0,Rikitea,PF,-23.1203,-134.9692,78.96,79,79,20.36,broken clouds
1,Arraial Do Cabo,BR,-22.9661,-42.0278,71.46,64,35,5.12,scattered clouds
2,Joshimath,IN,30.5667,79.5667,69.8,50,26,4.56,scattered clouds
3,Monforte De Lemos,ES,42.5216,-7.5142,35.01,93,58,3.0,broken clouds
4,Mataura,NZ,-46.1927,168.8643,55.99,74,65,3.0,broken clouds
5,Mallaig,CA,54.2169,-111.3685,59.0,25,30,10.36,scattered clouds
6,Busselton,AU,-33.65,115.3333,66.0,72,98,1.01,overcast clouds
7,Timberlake,US,37.3207,-79.2575,60.8,44,1,5.75,clear sky
8,Shingu,JP,33.7333,135.9833,66.2,88,75,10.36,mist
9,Aykhal,RU,66.0,111.5,31.24,93,100,13.09,overcast clouds
10,College,US,64.8569,-147.8028,37.4,44,75,11.5,broken clouds
11,New Norfolk,AU,-42.7826,147.0587,68.0,52,99,1.01,overcast clouds
12,Giresun,TR,40.5,38.5,50.0,100,90,4.61,fog
13,La Ronge,CA,55.1001,-105.2842,59.0,33,27,8.05,scattered clouds
14,Luderitz,NA,-26.6481,15.1594,65.25,38,0,12.1,clear sky
15,Ponta Do Sol,PT,32.6667,-17.1,57.99,58,100,4.0,overcast clouds
16,Coihaique,CL,-45.5752,-72.0662,48.2,93,20,2.3,moderate rain
17,Norman Wells,CA,65.282,-126.8329,44.6,39,20,11.5,few clouds
18,Daru,PG,-9.0763,143.2092,81.27,80,99,11.01,overcast clouds
19,Albany,US,42.6001,-73.9662,42.01,70,90,1.99,light rain
20,Kamsack,CA,51.5667,-101.9009,60.8,39,1,8.05,clear sky
21,Viedma,AR,-40.8135,-62.9967,65.55,49,100,15.32,overcast clouds
22,Kavaratti,IN,10.5669,72.642,85.17,71,27,7.27,scattered clouds
23,Hilo,US,19.7297,-155.09,80.6,61,90,10.36,overcast clouds
24,Tasiilaq,GL,65.6145,-37.6368,26.6,93,40,5.75,scattered clouds
25,Klaksvik,FO,62.2266,-6.589,35.6,75,90,5.75,overcast clouds
26,Kapaa,US,22.0752,-159.319,75.2,78,90,12.66,light rain
27,Flinders,AU,-34.5833,150.8552,73.99,72,15,4.0,few clouds
28,Bluff,NZ,-46.6,168.3333,55.99,74,50,3.0,scattered clouds
29,Port Lincoln,AU,-34.7333,135.8667,71.15,54,64,22.41,broken clouds
30,Ippy,CF,6.2679,21.2247,71.76,83,100,4.47,overcast clouds
31,Katobu,ID,-4.9408,122.5276,89.92,46,45,3.83,scattered clouds
32,Uruzgan,AF,32.8333,66.0,70.11,34,85,5.97,overcast clouds
33,Port Hardy,CA,50.6996,-127.4199,50.0,93,90,5.75,light rain
34,Nizhnyaya Omka,RU,55.4338,74.9426,43.21,43,29,20.31,scattered clouds
35,Hermanus,ZA,-34.4187,19.2345,53.01,78,0,1.01,clear sky
36,Bredasdorp,ZA,-34.5322,20.0403,41.0,93,0,2.3,clear sky
37,Magomeni,TZ,-6.8,39.25,73.4,100,20,4.61,moderate rain
38,Ilulissat,GL,69.2167,-51.1,33.8,69,89,8.05,overcast clouds
39,San Angelo,US,31.4638,-100.437,63.0,94,90,5.75,mist
40,Dingle,PH,10.9995,122.6711,90.82,54,90,10.94,light rain
41,Mar Del Plata,AR,-38.0023,-57.5575,60.01,94,0,8.05,clear sky
42,Geraldton,AU,-28.7667,114.6,71.6,28,90,10.36,overcast clouds
43,Shieli,KZ,44.1667,66.75,60.35,28,100,24.96,overcast clouds
44,Kaitangata,NZ,-46.2817,169.8464,57.99,51,76,8.99,broken clouds
45,Harper,LR,4.375,-7.7169,79.41,81,100,3.83,light rain
46,Puerto Ayora,EC,-0.7393,-90.3518,74.17,83,2,6.78,clear sky
47,Machico,PT,32.7,-16.7667,60.8,67,40,6.91,scattered clouds
48,Santa Maria,BR,-29.6842,-53.8069,55.4,94,0,2.3,clear sky
49,Georgetown,MY,5.4112,100.3354,89.6,79,20,2.3,few clouds
50,Playa Vicente,MX,17.8333,-95.8167,79.99,79,73,6.15,broken clouds
51,Salamanca,ES,40.8333,-6.0,42.8,87,75,6.91,broken clouds
52,Pochutla,MX,15.7432,-96.4661,81.0,80,28,1.01,scattered clouds
53,Hobart,AU,-42.8794,147.3294,73.4,35,0,6.91,clear sky
54,Punta Arenas,CL,-53.15,-70.9167,42.8,93,75,9.22,broken clouds
55,Zhigansk,RU,66.7697,123.3711,30.61,91,100,5.75,overcast clouds
56,Buin,CL,-33.7333,-70.75,54.0,81,100,0.85,overcast clouds
57,Poya,NC,-21.35,165.15,79.56,57,61,7.74,broken clouds
58,Ayolas,PY,-27.4,-56.9,58.86,69,0,6.11,clear sky
59,Ushuaia,AR,-54.8,-68.3,37.4,93,75,59.84,light rain
60,Puerto El Triunfo,SV,13.2833,-88.55,80.6,78,75,11.5,broken clouds
61,Saskylakh,RU,71.9167,114.0833,33.12,99,100,7.78,overcast clouds
62,Chumikan,RU,54.7183,135.315,32.27,95,100,13.51,light snow
63,Yarmouth,US,41.7057,-70.2286,53.6,47,90,14.97,light rain
64,Meulaboh,ID,4.1363,96.1285,84.96,66,94,3.29,overcast clouds
65,Bandarbeyla,SO,9.4942,50.8122,83.19,71,100,2.24,overcast clouds
66,Ahipara,NZ,-35.1667,173.1667,64.18,68,51,12.17,broken clouds
67,Cidreira,BR,-30.1811,-50.2056,67.89,75,0,17.36,clear sky
68,Entre Rios,BR,-11.9419,-38.0844,69.31,98,46,4.03,scattered clouds
69,Paraiso,CR,9.8383,-83.8656,68.0,100,90,1.05,overcast clouds
70,Pasighat,IN,28.0667,95.3333,92.88,32,55,4.63,broken clouds
71,Saint-Georges,GD,12.0564,-61.7485,78.8,83,75,9.22,broken clouds
72,Vaini,TO,-21.2,-175.2,78.8,89,75,12.66,broken clouds
73,Port Alfred,ZA,-33.5906,26.891,57.78,81,5,12.93,clear sky
74,Husavik,IS,66.0449,-17.3389,30.2,100,90,5.75,light snow
75,Saint-Augustin,CA,51.226,-58.6502,39.09,86,100,19.13,overcast clouds
76,Valle De Allende,MX,26.9333,-105.4,51.31,67,84,8.52,broken clouds
77,Saint-Philippe,RE,-21.3585,55.7679,75.2,73,0,15.12,light rain
78,Lysyye Gory,RU,51.5506,44.8414,51.44,77,100,12.82,moderate rain
79,Torbay,CA,47.6666,-52.7314,37.99,100,90,25.32,light rain
80,Butaritari,KI,3.0707,172.7902,83.43,72,76,8.72,broken clouds
81,Toora-Khem,RU,52.4675,96.11,39.63,90,100,4.54,light rain
82,Gobabis,NA,-22.45,18.9667,51.26,32,0,8.84,clear sky
83,Atuona,PF,-9.8,-139.0333,79.43,68,4,1.86,clear sky
84,Cabo San Lucas,MX,22.8909,-109.9124,73.0,76,0,6.24,clear sky
85,Broome,US,42.2506,-75.833,36.0,100,90,14.97,light snow
86,Cockburn Town,TC,21.4612,-71.1419,78.46,73,69,13.33,broken clouds
87,Yerbogachen,RU,61.2767,108.0108,35.91,97,100,6.69,snow
88,Vanavara,RU,60.34,102.2797,41.13,76,66,9.73,broken clouds
89,Esperance,AU,-33.8667,121.9,62.6,67,75,9.22,broken clouds
90,Diofior,SN,14.1833,-16.6667,77.0,69,0,9.22,clear sky
91,Portobelo,PA,9.55,-79.65,78.01,79,100,5.23,overcast clouds
92,Chuy,UY,-33.6971,-53.4616,59.83,95,100,6.78,overcast clouds
93,Hithadhoo,MV,-0.6,73.0833,84.06,71,82,6.53,broken clouds
94,Qaanaaq,GL,77.484,-69.3632,27.52,52,92,8.52,overcast clouds
95,Sioux Lookout,CA,50.1001,-91.917,46.4,31,90,4.61,overcast clouds
96,Terra Santa,BR,-2.1042,-56.4869,74.03,96,100,1.63,overcast clouds
97,Thompson,CA,55.7435,-97.8558,32.0,100,90,9.22,snow
98,Leningradskiy,RU,69.3833,178.4167,19.83,92,100,22.3,light snow
99,Kavieng,PG,-2.5744,150.7967,84.43,68,28,6.82,light rain
100,Anzio,IT,41.4853,12.6179,62.01,94,100,1.01,overcast clouds
101,Kodiak,US,57.79,-152.4072,46.4,71,1,8.05,clear sky
102,Ust-Kuyga,RU,70.0167,135.6,33.44,97,67,3.85,broken clouds
103,Fortuna,US,40.5982,-124.1573,53.01,100,1,3.38,clear sky
104,Katav-Ivanovsk,RU,54.7531,58.1956,49.86,49,64,9.53,broken clouds
105,Bow Island,CA,49.8668,-111.3684,62.6,34,16,16.11,few clouds
106,Roald,NO,62.5833,6.1333,35.6,87,15,3.44,few clouds
107,The Valley,AI,18.217,-63.0578,78.8,73,20,10.36,few clouds
108,Martinsburg,US,39.4562,-77.9639,48.2,34,1,16.11,clear sky
109,Tazovskiy,RU,67.4667,78.7,30.49,90,100,11.05,overcast clouds
110,Tuktoyaktuk,CA,69.4541,-133.0374,21.2,79,20,10.36,few clouds
111,San Pedro,PH,14.35,121.0167,93.2,52,20,5.75,few clouds
112,Moose Factory,CA,51.2585,-80.6094,26.6,80,1,8.05,clear sky
113,Kurilsk,RU,45.2333,147.8833,34.54,91,100,21.7,overcast clouds
114,Nishihara,JP,26.1842,127.7558,82.4,74,75,14.97,broken clouds
115,Severo-Kurilsk,RU,50.6789,156.125,35.44,96,100,21.59,overcast clouds
116,Djambala,CG,-2.5447,14.7533,68.63,95,100,3.2,light rain
117,Ferrandina,IT,40.5012,16.4547,59.0,100,90,18.41,fog
118,Pacific Grove,US,36.6177,-121.9166,54.0,90,100,8.01,overcast clouds
119,Rocha,UY,-34.4833,-54.3333,53.47,79,100,5.86,overcast clouds
120,Tefe,BR,-3.3542,-64.7114,72.82,99,100,1.25,overcast clouds
121,Constitucion,CL,-35.3333,-72.4167,55.18,84,100,11.25,moderate rain
122,Kirakira,SB,-10.4544,161.9205,82.62,76,65,5.3,moderate rain
123,Praya,CV,14.9215,-23.5087,71.6,78,75,12.66,broken clouds
124,Naze,JP,28.3667,129.4833,78.8,73,40,21.85,scattered clouds
125,Codrington,AU,-38.2667,141.9667,73.65,39,100,13.8,light rain
126,Bethel,US,41.3712,-73.414,45.0,66,27,5.01,scattered clouds
127,Punta Cardon,VE,11.6581,-70.215,78.75,77,100,14.85,overcast clouds
128,Yellowknife,CA,62.456,-114.3525,30.2,100,90,10.36,light snow
129,Isangel,VU,-19.55,169.2667,84.2,70,75,5.75,broken clouds
130,Longyearbyen,SJ,78.2186,15.6401,12.2,67,20,13.8,few clouds
131,Karratha,AU,-20.7377,116.8463,91.85,26,0,12.8,clear sky
132,Solone,UA,48.2081,34.8721,50.0,87,0,6.71,clear sky
133,Batagay,RU,67.6333,134.6333,33.64,87,98,1.28,overcast clouds
134,Cape Town,ZA,-33.9258,18.4232,57.99,82,0,9.22,clear sky
135,Nikolskoye,RU,59.7035,30.7861,39.99,86,0,4.47,clear sky
136,Krutaya Gorka,RU,55.3649,73.2231,44.6,42,40,17.9,scattered clouds
137,Bahir Dar,ET,11.5936,37.3908,63.48,76,100,3.91,overcast clouds
138,Jamestown,US,42.097,-79.2353,41.0,56,90,17.27,overcast clouds
139,Phan Thiet,VN,10.9333,108.1,88.38,61,53,12.15,broken clouds
140,Mahebourg,MU,-20.4081,57.7,77.0,78,40,10.36,scattered clouds
141,Cozumel,MX,20.5083,-86.9458,80.6,78,40,13.8,scattered clouds
142,Wanning,CN,18.8003,110.3967,86.34,63,23,6.91,few clouds
143,Faya,SA,18.3851,42.4509,60.8,55,20,5.3,few clouds
144,Chokurdakh,RU,70.6333,147.9167,22.69,82,9,5.3,clear sky
145,Grand Gaube,MU,-20.0064,57.6608,79.0,80,100,7.0,overcast clouds
146,Dikson,RU,73.5069,80.5464,22.3,92,100,11.32,overcast clouds
147,Ferrol,ES,43.4832,-8.2369,43.0,100,19,4.61,fog
148,Alamos,MX,27.0167,-108.9333,79.0,37,28,4.07,scattered clouds
149,Korla,CN,41.7597,86.1469,79.32,11,0,7.0,clear sky
150,Saint-Pierre,RE,-21.3393,55.4781,75.2,73,0,9.53,clear sky
151,Mareeba,AU,-17.0,145.4333,82.99,57,35,19.57,scattered clouds
152,Diamantino,BR,-14.4086,-56.4461,71.6,60,64,3.44,broken clouds
153,Khatanga,RU,71.9667,102.5,33.3,95,100,9.48,overcast clouds
154,Ostrovnoy,RU,68.0531,39.5131,19.69,74,99,5.59,overcast clouds
155,Agadir,MA,30.4202,-9.5982,59.0,82,0,8.05,clear sky
156,Srednekolymsk,RU,67.45,153.6833,29.62,77,8,12.01,clear sky
157,Verkhnyaya Inta,RU,65.9811,60.3094,36.5,60,76,13.27,broken clouds
158,Barrow,US,71.2906,-156.7887,21.2,79,90,1.95,overcast clouds
159,San Cristobal,VE,7.7669,-72.225,65.01,91,100,1.77,overcast clouds
160,Anchorage,US,61.2181,-149.9003,46.4,31,1,8.05,clear sky
161,Tabou,CI,4.423,-7.3528,79.36,82,100,4.81,overcast clouds
162,Aklavik,CA,68.2191,-135.0107,33.8,64,100,5.75,overcast clouds
163,Yeppoon,AU,-23.1333,150.7333,82.4,47,50,12.66,scattered clouds
164,Miri,MY,4.4148,114.0089,87.8,70,40,5.75,scattered clouds
165,Vestmannaeyjar,IS,63.4427,-20.2734,37.94,78,92,18.66,overcast clouds
166,Kazerun,IR,29.6195,51.6541,76.03,20,0,1.23,clear sky
167,Burhaniye,TR,39.5004,26.9727,55.4,82,0,5.75,clear sky
168,Hami,CN,42.8,93.45,84.79,7,32,8.05,scattered clouds
169,Baindur,IN,13.8667,74.6333,89.64,60,8,1.83,clear sky
170,Anito,PH,12.4497,125.2886,86.05,60,18,7.09,few clouds
171,Conceicao Da Barra,BR,-18.5933,-39.7322,72.91,68,99,8.03,overcast clouds
172,Buchanan,LR,5.8808,-10.0467,75.2,94,40,7.14,scattered clouds
173,Tiksi,RU,71.6872,128.8694,30.15,90,23,5.12,few clouds
174,Upernavik,GL,72.7868,-56.1549,23.07,76,100,4.32,overcast clouds
175,Kushiro,JP,42.975,144.3747,53.6,54,75,14.97,broken clouds
176,Salalah,OM,17.0151,54.0924,80.6,78,75,3.44,broken clouds
177,Provideniya,RU,64.3833,-173.3,27.82,79,100,7.09,light snow
178,Kattivakkam,IN,13.2167,80.3167,90.0,66,40,4.61,scattered clouds
179,Altamira,BR,-3.2033,-52.2064,71.49,97,87,1.01,overcast clouds
180,Saint George,US,37.1041,-113.5841,86.0,12,1,6.91,haze
181,Brigham City,US,41.5102,-112.0155,66.2,37,1,8.05,clear sky
182,Bambous Virieux,MU,-20.3428,57.7575,79.0,78,40,10.36,scattered clouds
183,Port Elizabeth,ZA,-33.918,25.5701,55.4,71,0,9.22,clear sky
184,Champerico,GT,14.3,-91.9167,69.01,95,34,1.01,scattered clouds
185,Airai,TL,-8.9266,125.4092,75.27,48,38,3.74,scattered clouds
186,Ornskoldsvik,SE,63.2909,18.7153,28.4,64,62,8.05,broken clouds
187,Lusambo,CD,-4.9667,23.45,68.81,98,100,1.14,overcast clouds
188,Zelenoborskiy,RU,66.845,32.3622,19.99,100,43,9.82,scattered clouds
189,Sao Joao Da Barra,BR,-21.6403,-41.0511,66.96,78,100,8.55,overcast clouds
190,Beringovskiy,RU,63.05,179.3167,23.86,81,91,10.2,overcast clouds
191,Carmen,MX,18.6333,-91.8333,82.04,81,0,15.5,clear sky
192,Atasu,KZ,48.6814,71.6433,54.57,32,1,10.89,clear sky
193,Guerrero Negro,MX,27.9769,-114.0611,67.41,60,0,17.74,clear sky
194,Hasaki,JP,35.7333,140.8333,75.0,43,75,9.22,broken clouds
195,Bayonet Point,US,28.3267,-82.6834,75.99,82,76,11.21,broken clouds
196,Auki,SB,-8.7676,160.7034,84.22,68,91,3.11,overcast clouds
197,Guapiacu,BR,-20.795,-49.2203,71.6,56,0,4.61,clear sky
198,Vao,NC,-22.6667,167.4833,74.28,74,100,25.08,overcast clouds
199,Caramay,PH,10.1815,119.236,85.96,64,100,7.83,overcast clouds
200,Ossora,RU,59.2353,163.0719,33.28,90,62,5.28,broken clouds
201,Saint Anthony,US,45.0205,-93.218,55.99,28,1,6.91,clear sky
202,Clyde River,CA,70.4692,-68.5914,17.6,93,90,4.61,fog
203,Cuajinicuilapa,MX,16.4667,-98.4167,79.16,78,10,2.75,clear sky
204,Vikesa,NO,58.6376,6.0913,35.6,87,0,6.91,clear sky
205,Makushino,RU,55.2103,67.2442,46.29,31,3,12.41,clear sky
206,Cacador,BR,-26.7753,-51.015,50.09,94,1,4.54,clear sky
207,San Vicente,AR,-26.6167,-54.1333,54.64,70,0,2.53,clear sky
208,Coahuayana,MX,18.7333,-103.6833,72.45,91,77,1.39,broken clouds
209,Berlevag,NO,70.8578,29.0864,33.8,64,97,25.79,light snow
210,Puerto Escondido,MX,15.85,-97.0667,80.6,74,1,6.67,clear sky
211,Bentiu,SS,9.2333,29.8333,80.02,57,99,4.72,overcast clouds
212,Price,US,39.5994,-110.8107,69.8,21,1,10.36,clear sky
213,Kruisfontein,ZA,-34.0033,24.7314,51.12,69,0,6.02,clear sky
214,Savona,IT,44.3,8.2667,57.0,99,78,2.95,broken clouds
215,Camacha,PT,33.0833,-16.3333,60.8,67,40,6.91,scattered clouds
216,Solnechnyy,RU,50.7214,136.6319,40.44,64,100,8.88,overcast clouds
217,Fuyu,CN,45.1833,124.8167,59.0,23,87,13.71,overcast clouds
218,Puerto Del Rosario,ES,28.5004,-13.8627,62.6,59,0,9.22,clear sky
219,East London,ZA,-33.0153,27.9116,59.0,67,0,9.22,clear sky
220,Bubaque,GW,11.2833,-15.8333,79.11,68,20,13.42,few clouds
221,Taltal,CL,-25.4,-70.4833,62.46,81,31,2.77,scattered clouds
222,Muros,ES,42.7762,-9.0603,42.01,93,9,6.89,clear sky
223,Ampanihy,MG,-24.7,44.75,68.74,75,2,1.19,clear sky
224,Hamilton,US,39.1834,-84.5333,48.2,49,1,4.61,clear sky
225,Yzeure,FR,46.5644,3.355,45.0,93,100,2.3,overcast clouds
226,Grindavik,IS,63.8424,-22.4338,32.0,69,20,20.71,few clouds
227,Neiafu,TO,-18.65,-173.9833,84.2,74,20,6.91,light rain
228,Bereda,ES,43.2686,-7.5406,44.01,100,96,2.3,overcast clouds
229,Ribeira Grande,PT,38.5167,-28.7,59.85,83,100,12.57,overcast clouds
230,Avarua,CK,-21.2078,-159.775,78.8,78,75,5.75,broken clouds
231,Ancud,CL,-41.8697,-73.8203,55.99,100,90,21.85,light rain
232,Preobrazheniye,RU,42.9019,133.9064,47.71,70,100,6.2,overcast clouds
233,Atar,MR,20.5169,-13.0499,77.88,21,0,6.8,clear sky
234,Lebu,CL,-37.6167,-73.65,55.76,95,100,17.07,light rain
235,Lompoc,US,34.6391,-120.4579,50.0,93,90,12.66,overcast clouds
236,Limulunga,ZM,-15.0969,23.1376,65.03,91,92,4.29,overcast clouds
237,Burley,US,42.5357,-113.7928,71.6,28,1,8.05,clear sky
238,Ishioka,JP,36.1833,140.2667,75.0,56,75,17.27,broken clouds
239,Poum,NC,-20.2333,164.0167,77.31,68,99,9.04,overcast clouds
240,Benguela,AO,-12.5763,13.4055,78.24,80,87,0.83,overcast clouds
241,Mecca,SA,21.4267,39.8261,85.19,39,100,3.85,overcast clouds
242,Caravelas,BR,-17.7125,-39.2481,75.85,62,100,12.71,overcast clouds
243,Apiai,BR,-24.5094,-48.8425,49.35,99,93,1.92,overcast clouds
244,Nanortalik,GL,60.1432,-45.2371,36.43,71,77,11.3,broken clouds
245,Port Shepstone,ZA,-30.7414,30.455,62.64,71,99,9.17,light rain
246,Kalmunai,LK,7.4167,81.8167,85.69,66,26,7.23,scattered clouds
247,Fallon,US,39.4735,-118.7774,78.8,12,90,10.36,overcast clouds
248,Radauti,RO,47.85,25.9167,55.4,82,0,9.22,clear sky
249,Victoria,HK,22.2855,114.1577,82.0,61,97,8.01,overcast clouds
250,Riyadh,SA,24.6877,46.7219,73.4,18,0,3.44,clear sky
251,Souillac,MU,-20.5167,57.5167,77.0,78,40,10.36,scattered clouds
252,Uppsala,SE,60.0,17.75,33.01,93,75,3.76,broken clouds
253,Acari,PE,-15.4311,-74.6158,67.84,81,46,2.44,scattered clouds
254,Ishigaki,JP,24.3448,124.1572,82.4,74,75,12.66,broken clouds
255,Kandrian,PG,-6.2167,149.55,85.21,70,45,9.69,scattered clouds
256,Qui Nhon,VN,13.7667,109.2333,84.24,69,7,10.0,clear sky
257,Sechura,PE,-5.5569,-80.8222,71.28,72,46,12.84,scattered clouds
258,Yar-Sale,RU,66.8333,70.8333,19.33,90,43,8.12,scattered clouds
259,Kirgiz-Miyaki,RU,53.6324,54.7979,50.68,57,100,15.7,overcast clouds
260,Palmer,US,42.1584,-72.3287,46.4,53,90,24.16,light rain
261,Semey,KZ,50.4111,80.2275,55.4,38,0,15.66,clear sky
262,Lorengau,PG,-2.0226,147.2712,84.02,73,57,4.12,broken clouds
263,La Primavera,CO,5.4906,-70.4092,71.29,96,100,1.48,overcast clouds
264,Oriximina,BR,-1.7656,-55.8661,74.86,91,100,2.15,overcast clouds
265,Shimoda,JP,34.6667,138.95,68.0,52,75,17.27,broken clouds
266,Karpathos,GR,35.507,27.2132,66.2,68,20,2.3,few clouds
267,Male,MV,4.1748,73.5089,86.0,74,40,5.75,scattered clouds
268,Barranquilla,CO,10.9639,-74.7964,82.0,78,75,8.05,broken clouds
269,Chernenko,RU,44.365,39.3103,54.86,88,100,3.78,overcast clouds
270,Mahibadhoo,MV,3.7833,72.9667,83.43,68,100,4.52,overcast clouds
271,Carnarvon,AU,-24.8667,113.6333,77.0,38,100,8.05,overcast clouds
272,Road Town,VG,18.4167,-64.6167,78.01,82,0,3.0,clear sky
273,Bad Reichenhall,DE,47.7333,12.8833,48.2,87,75,3.44,broken clouds
274,Tarut,SA,26.5733,50.0369,75.2,28,0,6.91,clear sky
275,Nizhniy Baskunchak,RU,48.2198,46.8311,55.36,51,94,6.33,overcast clouds
276,Aligudarz,IR,33.4006,49.6949,63.25,30,4,2.21,clear sky
277,Griffith,US,41.5284,-87.4237,39.2,75,1,3.44,clear sky
278,Banda Aceh,ID,5.5577,95.3222,86.72,65,60,7.81,broken clouds
279,Ferkessedougou,CI,9.6,-5.2,80.8,62,67,8.05,broken clouds
280,Keuruu,FI,62.2667,24.7,32.0,86,75,5.75,light snow
281,Port Macquarie,AU,-31.4333,152.9167,73.0,60,11,4.0,few clouds
282,Praxedis Guerrero,MX,31.3667,-106.0167,62.6,42,40,6.91,scattered clouds
283,Caxias,PT,38.7031,-9.2767,55.0,76,20,3.44,few clouds
284,Denia,ES,38.8408,0.1057,63.0,70,100,5.01,overcast clouds
285,Tocache,PE,-8.1842,-76.5125,68.22,98,73,0.54,broken clouds
286,Kristinehamn,SE,59.3098,14.1081,32.0,86,75,2.3,broken clouds
287,Am Timan,TD,11.0297,20.2827,87.85,26,90,6.71,overcast clouds
288,Herat,AF,34.5,62.0,69.8,52,0,2.3,clear sky
289,Khash,IR,28.2211,61.2158,70.14,41,52,3.42,broken clouds
290,Amta,IN,22.58,88.0083,87.8,55,0,9.22,haze
291,Jeremie,HT,18.65,-74.1167,78.1,79,73,4.81,broken clouds
292,Oranjemund,NA,-28.55,16.4333,56.28,68,0,9.82,clear sky
293,Mizdah,LY,31.4451,12.9801,75.51,19,7,3.6,clear sky
294,Cherskiy,RU,68.75,161.3,22.14,82,81,3.44,broken clouds
295,Mehamn,NO,71.0357,27.8492,35.6,69,40,25.32,scattered clouds
296,Mogadishu,SO,2.0371,45.3438,80.6,74,40,3.44,scattered clouds
297,Ambulu,ID,-8.345,113.6058,86.27,58,92,4.85,overcast clouds
298,Bardiyah,LY,31.7561,25.0865,78.17,25,6,9.8,clear sky
299,Winnemucca,US,40.973,-117.7357,71.6,12,1,5.75,clear sky
300,Samarai,PG,-10.6167,150.6667,82.4,73,15,12.5,few clouds
301,Sao Geraldo Do Araguaia,BR,-6.4006,-48.555,72.1,96,97,1.19,overcast clouds
302,Libertador General San Martin,AR,-23.8064,-64.7876,59.34,79,22,2.26,few clouds
303,Kahului,US,20.8947,-156.47,80.6,65,40,19.57,scattered clouds
304,Namatanai,PG,-3.6667,152.4333,84.88,67,81,2.3,light rain
305,Borovichi,RU,58.3878,33.9155,33.73,78,6,5.75,clear sky
306,San Carlos,VE,9.6612,-68.5827,73.47,90,99,2.08,overcast clouds
307,Rio Gallegos,AR,-51.6226,-69.2181,39.2,87,0,10.36,clear sky
308,Kieta,PG,-6.2167,155.6333,82.98,77,35,2.89,moderate rain
309,Pangnirtung,CA,66.1451,-65.7125,29.05,75,31,7.9,scattered clouds
310,Chapais,CA,49.7834,-74.8492,28.4,74,90,23.02,overcast clouds
311,Beidao,CN,34.5686,105.8933,78.31,32,43,1.79,scattered clouds
312,Manzhouli,CN,49.6,117.4333,49.84,39,15,5.48,few clouds
313,Quatre Cocos,MU,-20.2078,57.7625,79.0,78,40,10.36,scattered clouds
314,Panaba,MX,21.2833,-88.2667,77.27,73,93,10.4,overcast clouds
315,Hambantota,LK,6.1241,81.1185,84.2,89,20,3.44,few clouds
316,Batemans Bay,AU,-35.7167,150.1833,73.0,57,0,9.62,clear sky
317,Asau,RO,46.4333,26.4,54.0,57,99,3.42,overcast clouds
318,Avera,US,33.194,-82.5271,66.2,55,1,8.05,clear sky
319,Valparaiso,CL,-33.0393,-71.6273,55.99,82,63,4.34,broken clouds
320,Moyale,KE,3.5167,39.0584,68.7,81,76,8.68,light rain
321,Bodden Town,KY,19.2833,-81.25,80.6,78,0,4.61,clear sky
322,Mezen,RU,65.8522,44.24,34.95,78,100,4.09,overcast clouds
323,Surgut,RU,61.25,73.4167,35.6,87,40,13.42,scattered clouds
324,Chernyshkovskiy,RU,48.4219,42.2308,52.03,89,98,8.03,overcast clouds
325,Urucurituba,BR,-2.6833,-57.6667,73.36,96,98,1.03,overcast clouds
326,Vardo,NO,70.3705,31.1107,32.41,88,100,17.47,snow
327,Saldanha,ZA,-33.0117,17.9442,48.2,81,0,2.3,clear sky
328,Miranda,CO,3.2499,-76.2281,68.0,94,40,3.44,scattered clouds
329,Namibe,AO,-15.1961,12.1522,75.13,70,0,5.5,clear sky
330,Cap Malheureux,MU,-19.9842,57.6142,79.0,80,100,7.0,overcast clouds
331,Wanaka,NZ,-44.7,169.15,56.62,55,58,1.74,broken clouds
332,Tuatapere,NZ,-46.1333,167.6833,55.99,74,42,3.0,scattered clouds
333,Algeciras,ES,36.1333,-5.4505,59.0,67,2,13.8,clear sky
334,Pevek,RU,69.7008,170.3133,18.3,84,100,15.21,overcast clouds
335,Petropavlovsk-Kamchatskiy,RU,53.0452,158.6483,37.4,93,75,8.95,broken clouds
336,Te Anau,NZ,-45.4167,167.7167,51.35,70,66,1.41,broken clouds
337,Mlonggo,ID,-6.5333,110.7,89.6,62,20,11.5,few clouds
338,Port Hedland,AU,-20.3167,118.5667,96.8,16,0,8.05,clear sky
339,Lasa,IT,46.6166,10.7002,54.0,93,75,3.44,broken clouds
340,Puerto Baquerizo Moreno,EC,-0.9,-89.6,75.33,79,2,7.72,clear sky
341,Svarstad,NO,59.399,9.9698,34.0,71,20,3.6,few clouds
342,Bucerias,MX,20.75,-105.3333,77.0,78,75,1.45,broken clouds
343,Mingaora,PK,34.7758,72.3625,80.24,32,6,2.75,clear sky
344,Medford,US,42.3265,-122.8756,71.6,26,1,5.75,clear sky
345,Castro,BR,-24.7911,-50.0119,49.12,98,30,4.36,scattered clouds
346,Marihatag,PH,8.7936,126.2969,85.5,64,53,7.16,broken clouds
347,Cuamba,MZ,-14.8031,36.5372,66.16,96,7,1.74,clear sky
348,San Patricio,US,28.017,-97.5169,73.99,94,90,10.36,overcast clouds
349,Bonavista,CA,48.6499,-53.1147,36.0,93,100,5.75,light rain
350,Rivera,UY,-30.9053,-55.5508,56.28,79,0,5.17,clear sky
351,Katsuura,JP,35.1333,140.3,72.0,55,95,5.01,moderate rain
352,Biu,NG,10.6129,12.1946,82.15,23,67,2.68,broken clouds
353,Mastung,PK,29.7994,66.845,70.99,32,40,2.53,scattered clouds
354,Katangli,RU,51.7102,143.2326,35.02,89,100,18.75,overcast clouds
355,Pirganj,BD,25.8523,88.3618,87.91,37,75,9.1,broken clouds
356,Iqaluit,CA,63.7506,-68.5145,35.6,75,90,13.8,overcast clouds
357,Faanui,PF,-16.4833,-151.75,81.45,69,91,9.33,overcast clouds
358,Deloraine,AU,-41.5333,146.6667,72.0,57,86,1.01,overcast clouds
359,Sitka,US,57.0531,-135.33,44.6,93,90,4.61,light rain
360,Talnakh,RU,69.4865,88.3972,30.6,75,10,0.63,clear sky
361,Lexington,US,37.9887,-84.4777,48.2,49,1,6.91,clear sky
362,Margate,GB,51.3813,1.3862,39.99,81,9,5.82,clear sky
363,Baykit,RU,61.67,96.37,38.91,94,100,5.39,light snow
364,Pisco,PE,-13.7,-76.2167,66.2,82,6,3.38,smoke
365,Manicore,BR,-5.8092,-61.3003,75.2,100,0,1.03,clear sky
366,Saint-Michel-Des-Saints,CA,46.6834,-73.9159,37.99,87,100,14.9,overcast clouds
367,Newport,GB,51.5877,-2.9984,36.0,89,46,8.14,scattered clouds
368,Arkansas City,US,37.062,-97.0384,64.4,55,1,8.16,clear sky
369,Mmathubudukwane,BW,-24.6,26.4333,50.0,93,0,5.75,clear sky
370,Qaqortoq,GL,60.7167,-46.0333,48.2,31,75,28.77,broken clouds
371,Kohlu,PK,29.8962,69.252,82.67,21,7,6.78,clear sky
372,Port Blair,IN,11.6667,92.75,87.8,84,20,4.61,few clouds
373,Lagoa,PT,39.05,-27.9833,58.95,75,100,10.51,overcast clouds
374,Krasnoselkup,RU,65.7,82.4667,33.6,100,100,12.26,overcast clouds
375,Turbat,PK,26.0023,63.044,90.36,30,100,5.97,overcast clouds
376,Paita,PE,-5.0892,-81.1144,70.14,79,37,11.88,scattered clouds
377,Nome,US,64.5011,-165.4064,24.8,68,75,13.8,broken clouds
378,Havre-Saint-Pierre,CA,50.2334,-63.5986,42.8,87,90,6.91,overcast clouds
379,Gat,IL,31.61,34.7642,71.01,59,0,6.91,clear sky
380,Klyuchi,RU,52.2667,79.1667,54.19,42,11,19.51,few clouds
381,Acarau,BR,-2.8856,-40.12,76.15,87,25,8.86,scattered clouds
382,Waingapu,ID,-9.6567,120.2641,85.35,69,23,12.28,few clouds
383,Zhezkazgan,KZ,47.8043,67.7144,57.09,30,0,4.99,clear sky
384,Tsumeb,NA,-19.2333,17.7167,55.4,88,48,3.44,scattered clouds
385,Lockhart,US,28.6194,-81.4426,77.0,86,40,8.1,scattered clouds
386,Honningsvag,NO,70.9821,25.9704,35.6,69,40,25.32,scattered clouds
387,Makakilo City,US,21.3469,-158.0858,80.6,73,90,8.05,overcast clouds
388,Moa,CU,20.6569,-74.9403,75.31,84,16,9.13,few clouds
389,Maldonado,UY,-34.6667,-54.9167,61.0,94,0,8.05,clear sky
390,Oksovskiy,RU,62.6062,39.8984,35.42,70,32,7.7,scattered clouds
391,Lata,PT,40.1629,-8.3327,48.0,86,42,2.39,scattered clouds
392,Pirovskoye,RU,57.6267,92.2658,48.78,61,8,11.92,clear sky
393,Sao Miguel Do Araguaia,BR,-13.275,-50.1628,71.49,87,100,5.14,moderate rain
394,Rosarito,MX,32.3333,-117.0333,66.99,77,1,11.5,clear sky
395,Tual,ID,-5.6667,132.75,83.1,74,27,12.35,scattered clouds
396,Deep River,CA,46.1001,-77.4995,33.8,64,90,19.57,overcast clouds
397,Zalantun,CN,48.0,122.7167,53.74,44,62,10.13,broken clouds
398,Erenhot,CN,43.6475,111.9767,48.67,26,8,11.95,clear sky
399,Acurenam,GQ,1.0322,10.6488,68.54,98,100,1.1,light rain
400,Morgantown,US,39.6295,-79.9559,46.4,46,1,8.05,clear sky
401,Vila Velha,BR,-20.3297,-40.2925,75.99,73,75,8.05,broken clouds
402,Sabha,LY,27.0377,14.4283,77.07,8,0,8.93,clear sky
403,Koratagere,IN,13.5228,77.2331,86.0,83,40,8.05,scattered clouds
404,Sukumo,JP,32.9333,132.7333,71.65,78,39,17.31,scattered clouds
405,Broken Hill,AU,-31.95,141.4333,77.0,31,100,17.27,overcast clouds
406,Bengkulu,ID,-3.8004,102.2655,85.3,65,80,4.85,broken clouds
407,Dehloran,IR,32.6941,47.2679,87.42,17,0,4.38,clear sky
408,Catemaco,MX,18.4167,-95.1167,77.05,80,33,1.32,scattered clouds
409,Sainte-Anne-Des-Monts,CA,49.124,-66.4924,39.2,93,100,6.91,overcast clouds
410,Raudeberg,NO,61.9875,5.1352,39.0,80,18,13.0,few clouds
411,Shinjo,JP,38.7586,140.3008,57.2,72,75,3.44,broken clouds
412,Krapivinskiy,RU,54.9992,86.8133,55.4,30,40,8.95,scattered clouds
413,Chojnice,PL,53.6955,17.557,35.01,86,100,5.26,overcast clouds
414,Kichera,RU,55.9375,110.0997,40.91,63,100,5.12,overcast clouds
415,Zhigalovo,RU,54.8097,105.1578,44.56,65,99,0.6,overcast clouds
416,Emba,KZ,48.8264,58.1442,57.65,37,23,13.67,few clouds
417,Jaisalmer,IN,26.9147,70.9181,91.02,27,18,7.23,few clouds
418,Tiarei,PF,-17.5333,-149.3333,82.4,74,75,12.66,broken clouds
419,Havelock,US,34.8791,-76.9013,70.0,53,59,1.99,broken clouds
420,Grajau,BR,-5.8194,-46.1386,71.8,95,100,1.43,overcast clouds
421,Victor Harbor,AU,-35.5667,138.6167,82.0,33,99,14.14,overcast clouds
422,Bukavu,CD,-2.5083,28.8608,59.29,94,100,1.05,overcast clouds
423,Praia,CV,14.9215,-23.5087,71.6,78,75,12.66,broken clouds
424,Matay,EG,28.419,30.7792,78.08,15,0,10.78,clear sky
425,Curup,ID,-3.4667,102.5333,84.87,53,87,2.1,overcast clouds
426,Mamlyutka,KZ,54.9375,68.5394,46.4,34,0,17.9,clear sky
427,Casillas,GT,14.4222,-90.2442,61.0,90,75,4.0,broken clouds
428,Laguna,US,38.421,-121.4238,64.99,48,1,10.36,clear sky
429,Hirara,JP,24.8,125.2833,82.4,74,75,13.8,broken clouds
430,Aswan,EG,24.0934,32.907,83.98,12,0,9.86,clear sky
431,Aljezur,PT,37.3191,-8.8033,51.15,73,6,7.56,clear sky
432,Macon,US,39.8667,-88.9668,52.0,76,1,5.75,clear sky
433,Gizo,SB,-8.103,156.8419,83.07,74,68,7.18,moderate rain
434,Lac Du Bonnet,CA,50.2536,-96.0612,46.99,94,99,7.0,overcast clouds
435,Jumla,NP,29.2747,82.1838,61.43,54,100,5.77,overcast clouds
436,Kununurra,AU,-15.7667,128.7333,93.2,24,0,5.75,clear sky
437,Sumenep,ID,-7.0167,113.8667,86.58,65,59,9.78,broken clouds
438,Pulandian,CN,39.3953,121.9669,55.4,62,20,13.42,few clouds
439,Talara,PE,-4.5772,-81.2719,70.65,81,99,11.68,overcast clouds
440,Praia Da Vitoria,PT,38.7333,-27.0667,60.01,82,40,6.73,scattered clouds
441,Chimore,BO,-16.9833,-65.1333,64.36,79,72,1.63,broken clouds
442,Abu Samrah,SY,35.3029,37.1841,68.59,34,0,5.75,clear sky
443,Svetlyy,RU,54.675,20.1347,39.99,81,0,6.71,clear sky
444,El Alto,PE,-4.2714,-81.2147,69.04,79,100,10.04,overcast clouds
445,Cascais,PT,38.6979,-9.4215,55.0,70,41,15.82,scattered clouds
446,Nadvoitsy,RU,63.8667,34.3167,29.91,72,100,7.83,overcast clouds
447,Matamoros,MX,25.5333,-103.25,71.6,37,75,28.77,broken clouds
448,Adrar,MR,20.5022,-10.0711,75.22,47,39,6.49,scattered clouds
449,Kodinsk,RU,58.6881,99.1844,48.52,66,37,9.22,light rain
450,Chaozhou,CN,23.6651,116.6379,84.2,54,0,4.47,clear sky
451,Abalak,RU,58.1286,68.5944,41.34,42,9,13.15,clear sky
452,Port-Gentil,GA,-0.7193,8.7815,81.41,80,100,5.44,overcast clouds
453,Hay River,CA,60.8156,-115.7999,33.8,86,99,2.3,overcast clouds
454,Arroyo,ES,41.6096,-4.7969,43.0,87,75,11.5,broken clouds
455,Cabo Rojo,PR,18.0866,-67.1457,77.0,90,4,9.86,clear sky
456,Ughelli,NG,5.4899,6.0074,76.6,93,100,2.91,overcast clouds
457,Bella Union,UY,-30.2752,-57.6007,58.21,73,0,6.24,clear sky
458,Plettenberg Bay,ZA,-34.0527,23.3716,54.7,68,0,3.94,clear sky
459,Tessalit,ML,20.1986,1.0114,78.22,34,86,16.73,overcast clouds
460,Nyagan,RU,62.1406,65.3936,39.79,41,3,1.5,clear sky
461,Muravlenko,RU,63.7898,74.523,30.31,91,100,21.72,overcast clouds
462,Waipawa,NZ,-41.4122,175.5153,55.4,67,53,14.97,broken clouds
463,Normandin,CA,48.8333,-72.5321,42.8,70,97,26.46,overcast clouds
464,Camocim,BR,-2.9022,-40.8411,76.28,87,64,3.0,broken clouds
465,Linxia,CN,35.6003,103.2064,69.62,20,38,4.72,scattered clouds
466,Lerwick,GB,60.1545,-1.1494,33.8,93,100,2.3,overcast clouds
467,Shirokiy,RU,49.758,129.523,60.89,36,24,2.62,few clouds
468,Padang,ID,-0.9492,100.3543,86.0,74,20,4.61,few clouds
469,Shenzhen,CN,22.5455,114.0683,87.01,64,79,3.0,broken clouds
470,Mackay,AU,-21.15,149.2,77.0,69,40,23.02,scattered clouds
471,Maniitsoq,GL,65.4167,-52.9,34.59,75,100,4.41,overcast clouds
472,Nara,JP,34.6851,135.8049,77.0,50,75,17.27,broken clouds
473,Brotas,BR,-22.2842,-48.1267,58.3,88,100,6.6,overcast clouds
474,Gilford,US,43.5476,-71.4067,41.0,87,90,10.36,light rain
475,Gamboula,CF,4.1178,15.1393,66.76,89,100,0.31,overcast clouds
476,Goderich,CA,43.7501,-81.7165,41.0,65,0,17.27,clear sky
477,Turan,VN,16.0678,108.2208,89.6,62,20,8.05,few clouds
478,Petatlan,MX,17.5167,-101.2667,76.5,82,3,2.42,clear sky
479,Kolokani,ML,13.5728,-8.0339,83.52,41,66,5.37,broken clouds
480,Stafford,GB,52.8052,-2.1164,37.0,52,17,3.85,few clouds
481,Melfi,IT,40.9965,15.6514,62.01,100,100,3.44,overcast clouds
482,Waddan,LY,29.1614,16.139,81.32,10,0,8.03,clear sky
483,Haines Junction,CA,60.7522,-137.5108,42.8,49,100,13.8,overcast clouds
484,Ahuimanu,US,21.4447,-157.8378,80.6,83,75,11.5,light rain
485,Esso,RU,55.9333,158.7,42.33,82,99,5.06,overcast clouds
486,Inta,RU,66.0317,60.1659,36.86,62,77,13.2,broken clouds
487,Fayaoue,NC,-20.65,166.5333,77.34,73,100,21.18,overcast clouds
488,Puerto Madero,MX,14.7208,-92.4215,77.0,100,40,4.38,scattered clouds
489,Rafaela,AR,-31.2503,-61.4867,57.99,52,1,1.01,clear sky
490,Bairiki,KI,1.3292,172.9752,87.8,70,75,8.05,broken clouds
491,Okhotsk,RU,59.3833,143.3,36.05,78,100,3.09,overcast clouds
492,Lavrentiya,RU,65.5833,-171.0,23.79,80,70,1.92,broken clouds
493,Gamba,GA,-2.65,10.0,76.82,92,100,3.76,light rain
494,Teguise,ES,29.0605,-13.564,62.6,63,0,9.22,clear sky
495,Karacakoy,TR,41.4029,28.3834,66.0,88,0,1.14,clear sky
496,Marawi,PH,7.9986,124.2928,84.99,76,97,5.99,overcast clouds
497,Romny,UA,50.751,33.4747,53.1,95,88,6.11,overcast clouds
498,North Bend,US,43.4065,-124.2243,55.99,94,90,3.44,overcast clouds
499,Nampula,MZ,-15.1165,39.2666,71.6,100,20,2.3,few clouds
500,Inyonga,TZ,-6.7167,32.0667,61.21,95,99,3.29,overcast clouds
501,Mount Gambier,AU,-37.8333,140.7667,69.8,49,40,12.66,scattered clouds
502,Lom Sak,TH,16.7798,101.2422,82.4,78,20,4.61,few clouds
503,Hennenman,ZA,-27.9765,27.0242,44.01,95,0,6.02,clear sky
504,Northam,GB,51.0333,-4.2167,39.99,1,13,1.92,few clouds
505,Vatne,NO,62.5667,6.65,32.0,87,18,1.99,few clouds
506,Goure,NE,13.9835,10.2704,77.85,10,4,7.96,clear sky
507,Tyukalinsk,RU,55.8732,72.1967,42.78,39,3,21.63,clear sky
508,Manokwari,ID,-0.8667,134.0833,83.28,72,96,4.94,overcast clouds
509,Kibaya,TZ,-5.3,36.5667,59.72,95,100,2.51,overcast clouds
510,Porec,HR,45.2258,13.5939,57.0,94,75,4.61,broken clouds
511,Narsaq,GL,60.9167,-46.05,48.2,31,75,28.77,broken clouds
512,Fare,PF,-16.7,-151.0167,81.5,69,89,10.76,overcast clouds
513,Sasovo,RU,54.3537,41.9199,50.9,94,100,10.13,moderate rain
514,Isla Mujeres,MX,21.2311,-86.731,81.0,78,40,13.8,scattered clouds
515,Deputatskiy,RU,69.3,139.9,26.6,87,100,4.09,overcast clouds
516,Salinas,US,36.6777,-121.6555,55.4,82,90,12.66,overcast clouds
517,Ngunguru,NZ,-35.6167,174.5,68.0,68,100,5.01,overcast clouds
518,Hobyo,SO,5.3505,48.5268,84.15,64,100,5.06,overcast clouds
519,Khawhai,IN,23.3667,93.1167,84.52,27,0,2.57,clear sky
520,Arman,RU,59.7,150.1667,37.51,75,100,3.38,overcast clouds
521,Kyra,RU,49.5776,111.9753,48.76,37,100,7.18,overcast clouds
522,Lavumisa,SZ,-27.31,31.892,62.6,94,98,3.44,overcast clouds
523,Saint-Joseph,RE,-21.3667,55.6167,75.99,73,0,13.65,clear sky
524,Tondano,ID,1.3038,124.9112,84.2,74,40,8.05,scattered clouds
525,Herre,NO,59.1,9.5667,35.01,81,15,3.0,few clouds
526,Buenos Aires,AR,-34.6132,-58.3772,68.0,68,0,8.05,clear sky
527,Lithgow,AU,-33.4833,150.15,61.0,90,1,5.88,clear sky
528,Aitape,PG,-3.1374,142.3475,84.13,75,100,5.35,overcast clouds
529,Maun,BW,-19.9833,23.4167,66.2,94,0,3.44,clear sky
530,Lesnoye,RU,58.2841,35.5158,33.58,81,30,7.0,scattered clouds
531,Nemuro,JP,43.3236,145.575,44.6,61,75,13.8,broken clouds
532,Marathon,US,44.9,-89.7668,51.8,32,1,3.44,clear sky
533,Roma,US,43.2128,-75.4557,36.0,80,90,17.27,overcast clouds
534,Palafrugell,ES,41.9174,3.1631,55.0,24,98,11.86,light rain
535,Komsomolskiy,UZ,40.4272,71.7189,69.8,46,58,9.22,broken clouds
536,Esmeraldas,BR,-19.7625,-44.3139,62.6,82,0,6.91,clear sky
537,Chalmette,US,29.9427,-89.9634,77.0,78,1,9.69,clear sky
538,Nizhniy Odes,RU,63.6445,54.856,35.73,76,100,13.76,overcast clouds
539,Jiaojiang,CN,28.6803,121.4428,87.01,55,42,1.01,scattered clouds
540,Halifax,CA,44.6453,-63.5724,46.0,87,96,24.16,overcast clouds
541,Wyndham,US,37.6985,-77.6125,55.99,50,1,6.91,clear sky
542,Touros,BR,-5.1989,-35.4608,75.2,88,20,4.61,few clouds
543,Abha,SA,18.2164,42.5053,60.8,55,20,6.46,few clouds
544,Murchison,NZ,-41.8,172.3333,60.48,60,7,2.59,clear sky
545,Yenagoa,NG,4.9247,6.2642,77.22,93,98,2.91,overcast clouds
546,Coihueco,CL,-36.6167,-71.8333,55.4,100,40,9.22,moderate rain
547,Barcelos,PT,41.5388,-8.6151,46.99,81,0,5.75,clear sky
548,Richards Bay,ZA,-28.783,32.0377,63.63,85,99,14.92,light rain
549,Basco,PH,20.4487,121.9702,80.02,73,1,5.55,clear sky
550,Akhtanizovskaya,RU,45.32,37.1,51.8,82,54,13.42,broken clouds
551,Vani,GE,42.0832,42.5216,51.8,93,40,2.3,mist
552,Anjozorobe,MG,-18.4,47.8667,62.6,94,75,6.91,broken clouds
553,Sao Filipe,CV,14.8961,-24.4956,72.14,75,6,9.35,clear sky
554,Dondo,MZ,-19.6094,34.7431,73.4,94,75,4.12,light rain
555,Mapiripan,CO,2.8892,-72.1256,70.3,97,100,2.82,overcast clouds
556,Wewak,PG,-3.5534,143.6268,83.14,79,56,5.61,broken clouds
557,Katherine,AU,-14.4667,132.2667,91.4,33,40,13.8,scattered clouds
558,Sao Sepe,BR,-30.1606,-53.5653,55.4,94,0,2.3,clear sky
559,Ostersund,SE,63.1792,14.6357,30.99,86,20,6.91,few clouds
560,Cedar City,US,37.6775,-113.0619,69.8,19,1,6.91,clear sky
561,Marzuq,YE,14.4,46.4667,74.75,58,96,2.19,overcast clouds
562,Sakaiminato,JP,35.55,133.2333,64.4,63,40,12.66,scattered clouds
563,Nihommatsu,JP,37.5833,140.4333,62.01,59,75,6.91,broken clouds
564,Nichinan,JP,31.6,131.3667,73.4,78,75,14.97,broken clouds
565,Panjakent,TJ,39.4952,67.6093,62.6,67,99,18.41,overcast clouds
566,Pekan,MY,3.4836,103.3996,86.0,74,20,4.61,few clouds
567,Bac Lieu,VN,9.285,105.7244,89.15,59,74,14.52,broken clouds
568,Palu,ID,-0.8917,119.8707,88.38,61,86,2.98,overcast clouds
569,Puerto Guzman,CO,0.9703,-76.5858,69.55,97,100,1.34,overcast clouds
570,Itarema,BR,-2.9248,-39.9167,75.78,89,20,8.68,few clouds
571,Necochea,AR,-38.5473,-58.7368,55.0,84,0,11.01,clear sky
572,Buala,SB,-8.145,159.5921,82.69,71,99,2.26,light rain
573,Jalu,LY,29.0331,21.5482,81.01,15,0,10.8,clear sky
574,Ixtapa,MX,20.7,-105.2,77.0,78,75,0.43,broken clouds
575,Kamennomostskiy,RU,44.2983,40.1856,56.1,83,100,1.88,overcast clouds
576,Parana,AR,-31.732,-60.5238,62.01,94,0,7.83,clear sky
577,Chara,RU,56.9064,118.2631,32.85,94,43,1.86,scattered clouds
578,Gambela,ET,8.25,34.5833,74.26,75,96,3.91,overcast clouds
579,Cecava,BA,44.6867,17.7706,55.4,94,0,2.3,clear sky
580,Bud,US,39.447,-86.1758,46.0,74,6,3.65,clear sky
581,Namtsy,RU,62.7161,129.6658,51.8,46,0,6.71,clear sky
582,Nanakuli,US,21.3906,-158.1547,80.01,73,90,8.05,overcast clouds
583,Caetite,BR,-14.0694,-42.475,64.99,89,78,11.95,broken clouds
584,Teguldet,RU,57.3064,88.1667,49.78,51,0,11.01,clear sky
585,Qiryat Shemona,IL,33.2073,35.5721,68.0,45,2,1.14,clear sky
586,Micheweni,TZ,-4.9667,39.8333,78.15,86,96,8.9,light rain
587,Yining,CN,29.0361,114.5636,89.4,43,0,1.97,clear sky
588,San Andres,CO,12.5847,-81.7006,80.6,74,20,6.91,few clouds
589,Madona,LV,56.8533,26.217,31.46,84,5,5.1,clear sky
590,Matagami,CA,49.7502,-77.6328,23.0,58,1,13.8,clear sky
591,Winslow,US,35.0242,-110.6974,66.2,11,1,4.61,clear sky
592,Baie-Saint-Paul,CA,47.4411,-70.4986,41.0,93,100,3.44,overcast clouds
593,Sungairaya,ID,0.7,108.9,89.04,55,99,2.06,overcast clouds
594,Nabire,ID,-3.3667,135.4833,87.44,62,68,6.29,broken clouds
595,Yumen,CN,40.2833,97.2,77.65,6,100,6.89,overcast clouds
596,Nyuksenitsa,RU,60.4128,44.2397,35.78,97,100,8.61,overcast clouds
597,San Quintin,MX,30.4833,-115.95,64.78,71,1,8.66,clear sky
598,Tecoanapa,MX,16.5167,-98.75,79.95,78,9,3.76,clear sky
599,Linares,CL,-35.85,-71.6,54.34,81,100,5.03,overcast clouds
600,Ketchikan,US,55.3422,-131.6461,46.4,93,90,9.22,light rain
601,Okato,NZ,-39.2,173.8833,57.0,72,0,13.0,clear sky
602,Rudbar,AF,30.15,62.6,79.05,39,88,14.72,overcast clouds
603,Celestun,MX,20.8667,-90.4,81.75,68,100,14.72,overcast clouds
604,Arlit,NE,18.7369,7.3853,81.82,6,0,5.44,clear sky
605,Giyani,ZA,-23.3025,30.7187,61.97,83,100,7.99,overcast clouds
606,Maningrida,AU,-12.0667,134.2667,87.69,49,4,9.82,clear sky
607,Terenos,BR,-20.4422,-54.8603,66.2,59,0,6.91,clear sky
608,Bahar,IR,34.9072,48.4414,48.2,66,0,2.3,clear sky
609,Kholodnyy,RU,62.7167,147.95,34.5,95,99,0.58,overcast clouds
610,Oswego,US,43.4501,-76.1497,36.0,80,90,20.71,overcast clouds
611,Charters Towers,AU,-20.1,146.2667,80.4,44,18,11.48,few clouds
612,Boyolangu,ID,-8.1181,111.8935,85.48,67,79,6.02,broken clouds
613,Severo-Yeniseyskiy,RU,60.3725,93.0408,32.72,99,100,12.12,light snow
614,Labuhan,ID,-6.8844,112.2051,86.27,65,46,7.25,scattered clouds
615,Sibolga,ID,1.7427,98.7792,85.98,63,92,3.94,overcast clouds
616,Naudero,PK,27.6648,68.3622,86.0,45,79,6.17,haze
617,Alofi,NU,-19.0595,-169.9187,77.0,94,100,2.3,moderate rain
618,Kamenka,RU,51.3223,42.7678,53.01,88,100,15.14,overcast clouds
619,Lima,PE,-12.0432,-77.0282,66.2,82,0,9.22,clear sky
620,Udachnyy,RU,66.4167,112.4,33.33,94,100,10.04,overcast clouds
621,Boende,CD,-0.2167,20.8667,70.27,96,100,1.68,light rain
622,Fairbanks,US,64.8378,-147.7164,37.4,48,90,12.66,overcast clouds
623,Orebro,SE,59.2741,15.2066,37.0,86,75,3.44,broken clouds
624,Wahiawa,US,21.5028,-158.0236,75.99,73,90,8.05,light rain
625,Areosa,PT,41.7178,-8.8571,48.0,81,0,5.75,clear sky
626,Ulladulla,AU,-35.35,150.4667,73.4,53,75,8.05,broken clouds
627,Coquimbo,CL,-29.9533,-71.3436,55.4,88,0,4.61,clear sky
628,Hammerfest,NO,70.6634,23.6821,30.2,86,40,18.41,snow
629,Prince George,CA,53.9166,-122.753,46.4,76,75,4.61,broken clouds
630,Ormara,PK,25.2088,64.6357,84.52,64,100,12.93,overcast clouds
631,Sangar,RU,63.9242,127.4739,40.82,82,96,6.26,overcast clouds
632,Chifeng,CN,42.2683,118.9636,48.02,26,66,16.51,broken clouds
633,Townsville,AU,-19.25,146.8,80.6,65,75,9.22,broken clouds
634,Koungou,YT,-12.7336,45.2042,80.6,89,75,6.91,broken clouds
635,Brae,GB,60.3964,-1.353,33.8,93,82,2.3,broken clouds
636,Rondonopolis,BR,-16.4708,-54.6356,73.35,61,80,1.48,broken clouds
637,Eresos,GR,39.1667,25.9333,60.8,77,0,2.3,clear sky
638,Sept-Iles,CA,50.2001,-66.3821,42.01,87,100,3.2,overcast clouds
639,Arroio Grande,BR,-32.2375,-53.0869,58.01,96,8,6.67,clear sky
640,Valdivia,CL,-39.8142,-73.2459,55.4,100,90,6.91,overcast clouds
641,Huarmey,PE,-10.0681,-78.1522,66.99,89,9,7.94,clear sky
642,Finspang,SE,58.7058,15.7674,28.4,80,13,2.3,few clouds
643,Smithers,CA,54.7804,-127.1743,46.4,81,75,4.61,broken clouds
644,Gasa,PS,31.5,34.4667,64.4,59,0,6.91,clear sky
645,Laguna De Perlas,NI,12.3429,-83.6712,79.05,71,10,8.77,clear sky
646,Mount Isa,AU,-20.7333,139.5,84.2,26,40,10.36,scattered clouds
647,Somerset East,ZA,-32.7217,25.588,44.64,85,0,2.44,clear sky
648,Alyangula,AU,-13.8483,136.4192,87.8,70,75,9.22,broken clouds
649,Ballina,AU,-28.8667,153.5667,71.6,68,75,12.66,moderate rain
650,Bayir,TR,37.2687,28.2167,55.4,71,0,2.3,clear sky
651,Bathsheba,BB,13.2167,-59.5167,78.8,65,20,13.8,few clouds
652,Boulder City,US,35.9786,-114.8325,91.4,11,1,3.44,clear sky
653,Umm Kaddadah,SD,13.6017,26.6876,76.06,22,39,7.07,scattered clouds
654,Moussoro,TD,13.6408,16.4901,80.8,5,6,12.46,clear sky
655,Grafton,US,42.207,-71.6856,44.01,81,90,21.85,light rain
656,Yulara,AU,-25.2406,130.9889,82.4,15,100,9.22,overcast clouds
657,Tsiroanomandidy,MG,-18.7667,46.0333,63.82,89,0,2.55,clear sky
658,Porto Novo,BJ,6.4965,2.6036,82.4,83,20,10.36,few clouds
659,Banjar,ID,-8.19,114.9675,86.0,84,20,4.61,few clouds
660,Boralday,KZ,43.3578,76.8594,50.0,93,90,13.42,mist
661,Majene,ID,-3.5403,118.9707,84.02,72,37,4.61,scattered clouds
662,Bintulu,MY,3.1667,113.0333,87.8,70,20,5.75,few clouds
663,Whitehorse,CA,60.7161,-135.0538,46.4,39,75,10.36,broken clouds
664,Datong,CN,40.0936,113.2914,55.9,12,73,16.37,broken clouds
665,Bacalar,MX,18.6667,-88.3833,82.0,83,1,3.0,clear sky
666,Sistranda,NO,63.7256,8.834,33.8,93,40,3.44,light snow
667,Shellbrook,CA,53.2168,-106.4011,51.8,87,20,2.3,few clouds
668,Lons-Le-Saunier,FR,46.75,5.75,43.0,93,100,4.61,overcast clouds
669,Lagoa Santa,BR,-19.6272,-43.8897,62.6,82,0,6.91,clear sky
670,Kaeo,NZ,-35.1,173.7833,68.0,68,16,5.01,few clouds
671,Zaysan,KZ,47.4667,84.8667,46.22,65,100,16.91,overcast clouds
672,Soe,ID,-9.8607,124.284,80.01,54,9,8.32,clear sky
673,Portland,US,45.5234,-122.6762,60.01,90,100,1.01,light rain
674,Lively,CA,46.4334,-81.1498,35.01,59,1,8.05,clear sky
675,Filingue,NE,14.3521,3.3168,84.87,19,0,5.64,clear sky
676,Beja,TN,36.7256,9.1817,71.6,64,40,3.44,scattered clouds
677,Nouadhibou,MR,20.931,-17.0347,66.2,88,0,14.97,clear sky
678,Murovani Kurylivtsi,UA,48.7235,27.5189,52.0,92,99,2.39,overcast clouds
679,Kenai,US,60.5544,-151.2583,44.6,39,1,9.22,clear sky
680,Udimskiy,RU,61.1417,45.9144,34.16,97,100,6.87,light snow
681,Cam Ranh,VN,11.9214,109.1591,87.8,62,20,4.61,few clouds
682,Chitral,PK,35.8462,71.7858,67.66,40,2,2.86,clear sky
683,Cotonou,BJ,6.3654,2.4183,82.4,83,20,10.36,few clouds
684,Mayo,US,38.8876,-76.5119,55.4,35,1,19.57,clear sky
685,Port Keats,AU,-14.25,129.55,91.31,31,0,3.18,clear sky
